ID,Name
34b25d7e77ca4a9094f5be4824179bc8,willstett
37ac29814b45431e8a7f8c5933f70f4c,John Endres
72633bdfdd634d77bb3cafcd68adc205,Aya Endres
7d5ffc2a42d74f9db5fb492234eb38df,vari-lite
8534b56c8c17416399e40867a55ee238,Cole
8af08f436eb44be5b2774ae28cad9d62,Twyla
9a95f4b3c9ff4cfa974ff7eba1160f04,124270909
c03ea0ff06414a3db15c674e53c0dd67,Dustin Brashear
c6d1fb774afd43f8884c346433c7bce7,Chris
cb2a0e8f95124d5b85d7d00def234564,eragon00230
ded003ef081743dbb71c97bf27e95c56,Emily
f16c8cb7c892491c997f8267e6adb822,Billy
f97267c5ec9f4532b3558606bec4cd1a,cassellroll21
